{"cameraMode":{"drawMode":0,"name":"Shaded","section":"Shading Mode"},"sceneLighting":true,"audioPlay":false,"sceneViewState":{"m_AlwaysRefresh":false,"showFog":true,"showSkybox":true,"showFlares":true,"showImageEffects":true,"showParticleSystems":true,"showVisualEffectGraphs":true,"m_FxEnabled":true},"in2DMode":false,"pivot":{"x":1.9828852415084839,"y":10.39792251586914,"z":-16.410247802734376},"rotation":{"x":0.3142981231212616,"y":-0.02278808131814003,"z":0.007543876767158508,"w":0.9490271806716919},"size":0.0009003499872051179,"orthographic":false}