{"cameraMode":{"drawMode":0,"name":"Shaded","section":"Shading Mode"},"sceneLighting":true,"audioPlay":false,"sceneViewState":{"m_AlwaysRefresh":false,"showFog":true,"showSkybox":true,"showFlares":true,"showImageEffects":true,"showParticleSystems":true,"showVisualEffectGraphs":true,"m_FxEnabled":true},"in2DMode":false,"pivot":{"x":0.9534419775009155,"y":-9.709778785705567,"z":2.003936767578125},"rotation":{"x":0.334669291973114,"y":-0.026851609349250795,"z":0.00954069197177887,"w":0.9419057369232178},"size":11.779748916625977,"orthographic":false}